{
  "title": "Main Menu",
  "isFunction": "No",
  "children": [
    {
      "title": "Game Control",
      "isFunction": "No",
      "children": [
        { "title": "Restart Game", "isFunction": "restartGame" },
        { "title": "Quit Game", "isFunction": "quitGame" }
      ]
    },
    {
      "title": "Save/Load",
      "isFunction": "No",
      "children": [
        { "title": "Save Game", "isFunction": "saveGame" },
        { "title": "Load Game", "isFunction": "loadGame" }
      ]
    }
  ]
}